regime,method,display,nominal_mean,nominal_sd,nominal_n,theta_o_mean,theta_o_sd,theta_a_mean,theta_a_sd,theta_p_mean,theta_p_sd,theta_r_mean,theta_r_sd,theta_tau_exec_mean,theta_tau_exec_sd,theta_tau_credit_mean,theta_tau_credit_sd,theta_z_mean,theta_z_sd
online,RARL-PPO,RARL-PPO,75.7518,41.1069,5,38.4451,16.9072,70.7880,25.9897,43.5915,14.0833,20.7561,6.2228,42.8521,21.7828,27.8092,3.7057,,
online,RARL-TRPO,RARL-TRPO,78.4812,25.1368,5,35.9941,10.0581,48.8516,8.4316,46.8988,6.6694,62.7460,19.9392,37.4370,12.2432,40.0712,19.1844,,
online,ATLA-PPO,ATLA-PPO,63.2940,39.8751,5,33.0203,19.0242,58.4173,36.0640,41.1436,17.7974,90.1118,23.3721,45.0793,34.0136,55.5797,18.6080,,
online,ATLA-SA-PPO,ATLA-SA-PPO,103.9478,6.3546,5,87.0204,12.1730,83.3500,16.6593,56.2144,7.4438,101.5186,19.5888,68.3235,15.7000,68.6474,26.2453,,
online,DR-SAC,DR-SAC,103.3096,4.5373,5,59.2922,11.3077,82.9490,14.2434,59.9862,5.4997,100.4632,1.6801,82.9014,16.0121,61.2168,30.2082,,
online,RSC-SAC,RSC-SAC,78.2259,26.9705,5,35.8765,9.6352,59.9700,19.3798,53.1477,8.2766,34.6081,25.3761,54.9624,25.0500,47.1500,27.2470,51.1175,23.5657
offline,ATLA-IQL,ATLA-IQL,107.2070,4.9451,5,49.2280,2.4937,37.1895,3.5672,45.6638,0.9780,108.5556,1.3059,47.3892,4.1205,104.2306,5.1500,,
offline,RSC-IQL,RSC-IQL,100.8116,11.7594,5,52.5594,2.6607,33.1047,1.2416,42.3438,0.9644,97.1458,10.4777,42.5958,2.9520,100.7730,8.6158,,
offline,ROMB-IQL,ROMB-IQL,99.1389,14.7339,5,44.0992,5.0415,37.1383,6.3980,44.6347,2.5762,94.4243,10.2987,48.1490,7.3577,93.9291,14.9308,,
offline,FWM-IQL,FWM-IQL,101.1446,14.6213,5,45.5194,1.1391,35.3026,4.0711,43.2083,0.5158,107.6356,3.0910,44.8431,1.7516,102.0912,4.5931,,
offline,FMGAN-IQL,PLR-PVL-IQL,106.7173,4.6151,5,47.0779,2.6704,38.1349,5.3029,45.7801,2.7744,103.2573,2.6822,49.7772,5.6849,102.1549,10.6864,,
offline,RAMBO,RAMBO,100.1358,8.6486,5,32.8438,2.5016,32.8939,1.3524,42.6714,1.3663,97.9649,5.7246,47.0222,1.2374,78.8312,34.5050,,
offline,RFQI,RFQI,108.0055,2.5460,5,68.0100,4.2791,36.3787,5.9058,41.4611,1.7951,97.5363,6.5510,49.4023,6.0055,80.5110,31.5533,,
offline,RORL,RORL,110.5441,1.7563,5,39.2525,0.8995,35.3007,1.7077,44.8318,0.8397,108.1922,1.1788,52.0832,2.1088,94.8433,16.2386,,
