method,display,seed,nominal_hhl,shifted_hhr,shifted_norm,retention,collapsed,source
ATLA-SA-PPO,ATLA-SA-PPO,0,91.2445,63.1427,58.5635,0.6920,0,runs/spec_semantic/eval/ATLA-SA-PPO_seed0.json
ATLA-SA-PPO,ATLA-SA-PPO,1,114.1104,72.9996,67.7056,0.6397,0,runs/spec_semantic/eval/ATLA-SA-PPO_seed1.json
ATLA-SA-PPO,ATLA-SA-PPO,100,132.1267,95.9089,88.9535,0.7259,0,runs/spec_semantic/eval/ATLA-SA-PPO_seed100.json
ATLA-SA-PPO,ATLA-SA-PPO,13,124.4471,92.9261,86.1870,0.7467,0,runs/spec_semantic/eval/ATLA-SA-PPO_seed13.json
ATLA-SA-PPO,ATLA-SA-PPO,2,99.4328,33.5275,31.0961,0.3372,0,runs/spec_semantic/eval/ATLA-SA-PPO_seed2.json
ATLA-SA-PPO,ATLA-SA-PPO,2024,98.2170,45.1413,41.8676,0.4596,0,runs/spec_semantic/eval/ATLA-SA-PPO_seed2024.json
ATLA-SA-PPO,ATLA-SA-PPO,21,88.6906,66.3545,61.5424,0.7482,0,runs/spec_semantic/eval/ATLA-SA-PPO_seed21.json
ATLA-SA-PPO,ATLA-SA-PPO,3407,11.7071,14.9173,13.8355,1.2742,1,runs/spec_semantic/eval/ATLA-SA-PPO_seed3407.json
ATLA-SA-PPO,ATLA-SA-PPO,42,60.1282,30.5443,28.3292,0.5080,0,runs/spec_semantic/eval/ATLA-SA-PPO_seed42.json
ATLA-SA-PPO,ATLA-SA-PPO,7,96.5084,72.5632,67.3009,0.7519,0,runs/spec_semantic/eval/ATLA-SA-PPO_seed7.json
ATLA-SAC,ATLA-SAC,0,95.1761,57.8539,53.6583,0.6079,0,runs/spec_semantic/eval/ATLA-SAC_seed0.json
ATLA-SAC,ATLA-SAC,1,108.1296,77.7045,72.0693,0.7186,0,runs/spec_semantic/eval/ATLA-SAC_seed1.json
ATLA-SAC,ATLA-SAC,100,120.6396,114.9701,106.6323,0.9530,0,runs/spec_semantic/eval/ATLA-SAC_seed100.json
ATLA-SAC,ATLA-SAC,13,100.5660,94.6952,87.8278,0.9416,0,runs/spec_semantic/eval/ATLA-SAC_seed13.json
ATLA-SAC,ATLA-SAC,2,83.9301,43.0786,39.9544,0.5133,0,runs/spec_semantic/eval/ATLA-SAC_seed2.json
ATLA-SAC,ATLA-SAC,2024,109.3438,78.8174,73.1015,0.7208,0,runs/spec_semantic/eval/ATLA-SAC_seed2024.json
ATLA-SAC,ATLA-SAC,21,90.0721,67.0111,62.1514,0.7440,0,runs/spec_semantic/eval/ATLA-SAC_seed21.json
ATLA-SAC,ATLA-SAC,3407,130.3240,82.6352,76.6424,0.6341,0,runs/spec_semantic/eval/ATLA-SAC_seed3407.json
ATLA-SAC,ATLA-SAC,42,80.1628,62.9014,58.3397,0.7847,0,runs/spec_semantic/eval/ATLA-SAC_seed42.json
ATLA-SAC,ATLA-SAC,7,92.3167,72.9940,67.7004,0.7907,0,runs/spec_semantic/eval/ATLA-SAC_seed7.json
PPO,PPO,0,80.2905,37.7334,34.9970,0.4700,0,runs/spec_semantic/eval/PPO_seed0.json
PPO,PPO,1,75.9332,37.6338,34.9046,0.4956,0,runs/spec_semantic/eval/PPO_seed1.json
PPO,PPO,100,75.3158,33.3082,30.8927,0.4422,0,runs/spec_semantic/eval/PPO_seed100.json
PPO,PPO,13,60.9677,34.5272,32.0232,0.5663,0,runs/spec_semantic/eval/PPO_seed13.json
PPO,PPO,2,64.7542,48.2518,44.7525,0.7452,0,runs/spec_semantic/eval/PPO_seed2.json
PPO,PPO,2024,103.1218,86.8873,80.5861,0.8426,0,runs/spec_semantic/eval/PPO_seed2024.json
PPO,PPO,21,65.7912,54.0851,50.1627,0.8221,0,runs/spec_semantic/eval/PPO_seed21.json
PPO,PPO,3407,94.9466,27.7901,25.7747,0.2927,0,runs/spec_semantic/eval/PPO_seed3407.json
PPO,PPO,42,84.9360,29.3402,27.2124,0.3454,0,runs/spec_semantic/eval/PPO_seed42.json
PPO,PPO,7,108.0782,69.8783,64.8106,0.6466,0,runs/spec_semantic/eval/PPO_seed7.json
RSC-SAC,RSC-SAC,0,102.3170,66.1065,61.3124,0.6461,0,runs/spec_semantic/eval/RSC-SAC_seed0.json
RSC-SAC,RSC-SAC,1,136.9025,108.6657,100.7851,0.7937,0,runs/spec_semantic/eval/RSC-SAC_seed1.json
RSC-SAC,RSC-SAC,100,61.8639,59.9912,55.6406,0.9697,0,runs/spec_semantic/eval/RSC-SAC_seed100.json
RSC-SAC,RSC-SAC,13,98.2778,34.8301,32.3042,0.3544,0,runs/spec_semantic/eval/RSC-SAC_seed13.json
RSC-SAC,RSC-SAC,2,0.2844,0.2846,0.2640,1.0007,1,runs/spec_semantic/eval/RSC-SAC_seed2.json
RSC-SAC,RSC-SAC,2024,45.9784,60.1188,55.7589,1.3075,0,runs/spec_semantic/eval/RSC-SAC_seed2024.json
RSC-SAC,RSC-SAC,21,0.4952,0.3925,0.3640,0.7926,1,runs/spec_semantic/eval/RSC-SAC_seed21.json
RSC-SAC,RSC-SAC,3407,112.4132,41.5309,38.5190,0.3694,0,runs/spec_semantic/eval/RSC-SAC_seed3407.json
RSC-SAC,RSC-SAC,42,92.7207,40.4628,37.5284,0.4364,0,runs/spec_semantic/eval/RSC-SAC_seed42.json
RSC-SAC,RSC-SAC,7,37.4097,29.2094,27.0911,0.7808,0,runs/spec_semantic/eval/RSC-SAC_seed7.json
SAC,SAC,0,0.2850,0.5314,0.4929,1.8646,1,runs/spec_semantic/eval/SAC_seed0.json
SAC,SAC,1,14.1665,5.5165,5.1165,0.3894,1,runs/spec_semantic/eval/SAC_seed1.json
SAC,SAC,100,0.2918,10.8968,10.1065,37.3383,1,runs/spec_semantic/eval/SAC_seed100.json
SAC,SAC,13,116.5352,43.6999,40.5307,0.3750,0,runs/spec_semantic/eval/SAC_seed13.json
SAC,SAC,2,130.6054,47.4730,44.0302,0.3635,0,runs/spec_semantic/eval/SAC_seed2.json
SAC,SAC,2024,60.4724,27.8300,25.8118,0.4602,0,runs/spec_semantic/eval/SAC_seed2024.json
SAC,SAC,21,0.2842,0.2846,0.2639,1.0013,1,runs/spec_semantic/eval/SAC_seed21.json
SAC,SAC,3407,117.9857,60.4699,56.0845,0.5125,0,runs/spec_semantic/eval/SAC_seed3407.json
SAC,SAC,42,110.5473,50.0564,46.4262,0.4528,0,runs/spec_semantic/eval/SAC_seed42.json
SAC,SAC,7,110.7690,89.1878,82.7198,0.8052,0,runs/spec_semantic/eval/SAC_seed7.json
